{"stats":{"minecraft:used":{"minecraft:dirt":5,"minecraft:candle":2},"minecraft:killed_by":{"minecraft:skeleton":1,"minecraft:zombie":1,"minecraft:warden":1},"minecraft:dropped":{"minecraft:dirt":2,"minecraft:repeater":1},"minecraft:mined":{"minecraft:sculk_shrieker":1,"minecraft:grass_block":6,"minecraft:repeater":1,"minecraft:dirt":2,"minecraft:redstone_wire":2,"minecraft:candle":1,"minecraft:sculk_vein":2,"minecraft:soul_fire":6,"minecraft:birch_leaves":1,"minecraft:dandelion":1,"minecraft:sculk":11,"minecraft:oak_leaves":1},"minecraft:custom":{"minecraft:time_since_rest":172,"minecraft:crouch_one_cm":241,"minecraft:deaths":3,"minecraft:sprint_one_cm":71775,"minecraft:play_time":50824,"minecraft:damage_taken":690,"minecraft:walk_one_cm":77520,"minecraft:sneak_time":534,"minecraft:walk_under_water_one_cm":3440,"minecraft:drop":3,"minecraft:jump":363,"minecraft:damage_dealt":434,"minecraft:leave_game":2,"minecraft:time_since_death":149,"minecraft:walk_on_water_one_cm":10567,"minecraft:total_world_time":50824,"minecraft:swim_one_cm":2858,"minecraft:fall_one_cm":7049,"minecraft:fly_one_cm":33230},"minecraft:picked_up":{"minecraft:repeater":1,"minecraft:rotten_flesh":1,"minecraft:dandelion":1,"minecraft:candle":2,"minecraft:redstone":1,"minecraft:dirt":10}},"DataVersion":3465}