{"stats":{"minecraft:dropped":{"minecraft:rotten_flesh":1},"minecraft:custom":{"minecraft:time_since_rest":49708,"minecraft:open_chest":2,"minecraft:crouch_one_cm":917,"minecraft:sprint_one_cm":27320,"minecraft:play_time":62915,"minecraft:damage_taken":20,"minecraft:deaths":1,"minecraft:walk_one_cm":66749,"minecraft:sneak_time":471,"minecraft:walk_under_water_one_cm":840,"minecraft:mob_kills":1,"minecraft:drop":1,"minecraft:jump":274,"minecraft:damage_dealt":153,"minecraft:leave_game":1,"minecraft:walk_on_water_one_cm":9555,"minecraft:time_since_death":49657,"minecraft:total_world_time":62915,"minecraft:swim_one_cm":833,"minecraft:fall_one_cm":1240,"minecraft:fly_one_cm":100487},"minecraft:used":{"mca:female_villager_spawn_egg":2,"mca:jeweler_workbench":1,"minecraft:lingering_potion":12,"minecraft:splash_potion":3},"minecraft:killed":{"minecraft:drowned":1},"minecraft:mined":{"minecraft:birch_leaves":1,"minecraft:oak_leaves":1},"minecraft:picked_up":{"minecraft:rotten_flesh":2,"minecraft:dirt":3}},"DataVersion":3465}