{"stats":{"minecraft:dropped":{"minecraft:rotten_flesh":1},"minecraft:custom":{"minecraft:time_since_rest":59980,"minecraft:open_chest":2,"minecraft:crouch_one_cm":1590,"minecraft:sprint_one_cm":53995,"minecraft:play_time":73187,"minecraft:damage_taken":90,"minecraft:deaths":1,"minecraft:walk_one_cm":81432,"minecraft:sneak_time":628,"minecraft:walk_under_water_one_cm":840,"minecraft:mob_kills":2,"minecraft:drop":1,"minecraft:jump":437,"minecraft:damage_dealt":273,"minecraft:leave_game":2,"minecraft:walk_on_water_one_cm":9555,"minecraft:time_since_death":59929,"minecraft:total_world_time":73187,"minecraft:interact_with_crafting_table":1,"minecraft:swim_one_cm":833,"minecraft:fall_one_cm":11077,"minecraft:fly_one_cm":139225},"minecraft:used":{"minecraft:crafting_table":1,"mca:female_villager_spawn_egg":3,"mca:jeweler_workbench":1,"minecraft:lingering_potion":12,"minecraft:splash_potion":3},"minecraft:killed":{"minecraft:drowned":1,"minecraft:cow":1},"minecraft:crafted":{"minecraft:oak_planks":16,"minecraft:crafting_table":1,"minecraft:stick":4,"minecraft:wooden_pickaxe":1},"minecraft:mined":{"minecraft:grass":3,"minecraft:oak_log":4,"minecraft:birch_leaves":2,"minecraft:oak_leaves":7},"minecraft:picked_up":{"minecraft:rotten_flesh":2,"minecraft:beef":3,"minecraft:oak_log":4,"minecraft:dirt":3}},"DataVersion":3465}