{"stats":{"minecraft:dropped":{"minecraft:rotten_flesh":1},"minecraft:custom":{"minecraft:open_chest":2,"minecraft:time_since_rest":832,"minecraft:crouch_one_cm":1590,"minecraft:damage_taken":250,"minecraft:play_time":78329,"minecraft:sprint_one_cm":74830,"minecraft:walk_one_cm":90694,"minecraft:deaths":2,"minecraft:sneak_time":647,"minecraft:walk_under_water_one_cm":840,"minecraft:mob_kills":2,"minecraft:drop":1,"minecraft:jump":603,"minecraft:damage_dealt":273,"minecraft:leave_game":3,"minecraft:time_since_death":804,"minecraft:walk_on_water_one_cm":9555,"minecraft:total_world_time":78329,"minecraft:swim_one_cm":833,"minecraft:interact_with_crafting_table":1,"minecraft:fall_one_cm":17273,"minecraft:fly_one_cm":174891},"minecraft:used":{"minecraft:rotten_flesh":1,"minecraft:beef":3,"minecraft:crafting_table":1,"mca:female_villager_spawn_egg":3,"mca:jeweler_workbench":1,"minecraft:egg":1,"minecraft:lingering_potion":12,"minecraft:splash_potion":3},"minecraft:killed":{"minecraft:drowned":1,"minecraft:cow":1},"minecraft:crafted":{"minecraft:oak_planks":16,"minecraft:crafting_table":1,"minecraft:stick":4,"minecraft:wooden_pickaxe":1},"minecraft:mined":{"minecraft:grass":3,"minecraft:oak_log":4,"minecraft:birch_leaves":3,"minecraft:oak_leaves":7},"minecraft:picked_up":{"minecraft:rotten_flesh":2,"minecraft:beef":3,"minecraft:oak_log":4,"minecraft:dirt":3,"minecraft:egg":1}},"DataVersion":3465}